{
  "FP32_Final": {
    "mean": 1047049667931.6888,
    "median": 267200000000.0,
    "std": 2653895340193.611
  },
  "TOPs_per_Watt": {
    "mean": 0.008689759487666034,
    "median": 0.0036225,
    "std": 0.015756493123007635
  },
  "G3Dmark": {
    "mean": 2108.376185958254,
    "median": 668.0,
    "std": 3875.0053873645993
  },
  "powerPerformance": {
    "mean": 18.595891899905123,
    "median": 9.046316,
    "std": 27.046954152074488
  },
  "GFLOPS_per_Watt": {
    "mean": 8.689759510436433,
    "median": 3.6225265,
    "std": 15.756489847843516
  }
}